{
  "Operations": [
    {
      "Operand1": 45.0,
      "Operand2": 7.0,
      "Operation": "Divide",
      "Result": 6.428571428571429
    },
    {
      "Operand1": 6.428571428571429,
      "Operand2": 3.0,
      "Operation": "Multiply",
      "Result": 19.285714285714285
    }